距離m,銀行名稱,裝設地點,地址,tgos_lat,tgos_lng,bank_lat,bank_lng,Google Maps（TGOS）,Google Maps（官網）
7419854,第一商業銀行,楠梓分行,高雄市楠梓區楠梓路3號,22.727671,120.329937,120.3295998,22.7277713,"https://www.google.com/maps?q=22.727671,120.329937","https://www.google.com/maps?q=120.3295998,22.7277713"
7354390,兆豐國際商業銀行,向上分行,台中市南屯區向上路三段111號,24.145935,120.633526,120.63359139734423,24.14604439689235,"https://www.google.com/maps?q=24.145935,120.633526","https://www.google.com/maps?q=120.63359139734423,24.14604439689235"
27638,台新國際商業銀行,全家-阿蓮忠孝,高雄市阿蓮區忠孝路232號,22.878893,120.328402,23.125441,120.294132,"https://www.google.com/maps?q=22.878893,120.328402","https://www.google.com/maps?q=23.125441,120.294132"
12002,兆豐國際商業銀行,府城分行,台南市中西區中山路90號,22.994354,120.208144,23.0423531,120.31318,"https://www.google.com/maps?q=22.994354,120.208144","https://www.google.com/maps?q=23.0423531,120.31318"
8098,台新國際商業銀行,全家-龍井藝術,台中市龍井區藝術街92號,24.188286,120.592519,24.210243,120.516395,"https://www.google.com/maps?q=24.188286,120.592519","https://www.google.com/maps?q=24.210243,120.516395"
8094,台新國際商業銀行,全家-龍井龍后,台中市龍井區新興路21號,24.180689,120.589327,24.210243,120.516395,"https://www.google.com/maps?q=24.180689,120.589327","https://www.google.com/maps?q=24.210243,120.516395"
7651,台新國際商業銀行,全家-清水米糕,台中市清水區新興路119號,24.271265,120.577777,24.278702,120.652818,"https://www.google.com/maps?q=24.271265,120.577777","https://www.google.com/maps?q=24.278702,120.652818"
6711,兆豐國際商業銀行,鹿港分行,彰化縣鹿港鎮中山路254號,24.055710,120.433993,24.031796,120.494671,"https://www.google.com/maps?q=24.055710,120.433993","https://www.google.com/maps?q=24.031796,120.494671"
6190,台新國際商業銀行,行外-楓康青埔(非24H),桃園市大園區新生路四段9號,25.004401,121.213359,25.057557,121.195097,"https://www.google.com/maps?q=25.004401,121.213359","https://www.google.com/maps?q=25.057557,121.195097"
4830,台新國際商業銀行,全家-蘇澳國道商場(非24H),宜蘭縣蘇澳鎮蘇新路81號,24.621134,121.815061,24.594076,121.852432,"https://www.google.com/maps?q=24.621134,121.815061","https://www.google.com/maps?q=24.594076,121.852432"
4048,台新國際商業銀行,行外-楓康永靖,彰化縣永靖鄉東門路23號,23.922747,120.551301,23.922748,120.511474,"https://www.google.com/maps?q=23.922747,120.551301","https://www.google.com/maps?q=23.922748,120.511474"
3236,台新國際商業銀行,全家-安定保安,台南市安定區安定339之3號,23.118493,120.235764,23.095298,120.216652,"https://www.google.com/maps?q=23.118493,120.235764","https://www.google.com/maps?q=23.095298,120.216652"
2813,華南商業銀行,五權分行,台中市西區忠明南路270號,24.138252,120.657006,24.16245800,120.66505400,"https://www.google.com/maps?q=24.138252,120.657006","https://www.google.com/maps?q=24.16245800,120.66505400"
2601,台新國際商業銀行,全家-淡水滬鑫,新北市淡水區中正路133號,25.187764,121.422067,25.170347,121.439328,"https://www.google.com/maps?q=25.187764,121.422067","https://www.google.com/maps?q=25.170347,121.439328"
2379,台新國際商業銀行,全家-后里新中興,台中市后里區甲后路196號,24.316540,120.677380,24.327829,120.657436,"https://www.google.com/maps?q=24.316540,120.677380","https://www.google.com/maps?q=24.327829,120.657436"
2320,台新國際商業銀行,OK-芳苑上林(非24H),彰化縣芳苑鄉上林路路上段430號,23.912178,120.329480,23.891834,120.334543,"https://www.google.com/maps?q=23.912178,120.329480","https://www.google.com/maps?q=23.891834,120.334543"
2069,台新國際商業銀行,全家-歸仁文仁,台南市歸仁區民族北街85號,22.969536,120.292405,22.951927,120.285885,"https://www.google.com/maps?q=22.969536,120.292405","https://www.google.com/maps?q=22.951927,120.285885"
1941,台新國際商業銀行,行內-雄科分行,高雄市前鎮區復興四路21號,22.605312,120.300317,22.595380,120.315869,"https://www.google.com/maps?q=22.605312,120.300317","https://www.google.com/maps?q=22.595380,120.315869"
1928,華南商業銀行,淡水分行,新北市淡水區中正路28號,25.169277,121.444231,25.17633900,121.42673000,"https://www.google.com/maps?q=25.169277,121.444231","https://www.google.com/maps?q=25.17633900,121.42673000"
1581,兆豐國際商業銀行,竹科竹村分行,新竹市竹村七路21號,24.780123,121.007658,24.781096000000002,120.992031,"https://www.google.com/maps?q=24.780123,121.007658","https://www.google.com/maps?q=24.781096000000002,120.992031"
1435,永豐商業銀行,華江分行,新北市板橋區新海路82號1樓,25.021955,121.461797,25.009261,121.459235,"https://www.google.com/maps?q=25.021955,121.461797","https://www.google.com/maps?q=25.009261,121.459235"
1061,台新國際商業銀行,全家-大園果林,桃園市大園區拔子林23之83號,25.077905,121.257294,25.074161,121.266989,"https://www.google.com/maps?q=25.077905,121.257294","https://www.google.com/maps?q=25.074161,121.266989"
1048,台新國際商業銀行,全家-中壢工業,桃園市中壢區西園路116號,24.977936,121.234347,24.987071,121.236925,"https://www.google.com/maps?q=24.977936,121.234347","https://www.google.com/maps?q=24.987071,121.236925"
1021,台新國際商業銀行,全家-楊梅民族,桃園市楊梅區電研路250巷1號,24.956636,121.167209,24.959205,121.176932,"https://www.google.com/maps?q=24.956636,121.167209","https://www.google.com/maps?q=24.959205,121.176932"
1012,台新國際商業銀行,全家-蘆竹南祥,桃園市蘆竹區南上路435號,25.047836,121.295542,25.045274,121.305177,"https://www.google.com/maps?q=25.047836,121.295542","https://www.google.com/maps?q=25.045274,121.305177"
1006,台新國際商業銀行,全家-泰山福興,新北市泰山區福興一街60號,25.058274,121.432629,25.065558,121.426699,"https://www.google.com/maps?q=25.058274,121.432629","https://www.google.com/maps?q=25.065558,121.426699"
1002,台新國際商業銀行,全家-台中光大,台中市北區公園路217號,24.150444,120.677386,24.143165,120.683215,"https://www.google.com/maps?q=24.150444,120.677386","https://www.google.com/maps?q=24.143165,120.683215"
994,台新國際商業銀行,全家-羅東公正,宜蘭縣羅東鎮公正路551號,24.670369,121.755775,24.679289,121.756474,"https://www.google.com/maps?q=24.670369,121.755775","https://www.google.com/maps?q=24.679289,121.756474"
975,台新國際商業銀行,行內-新店分行,新北市新店區北新路一段136號,24.970321,121.542671,24.978590,121.539450,"https://www.google.com/maps?q=24.970321,121.542671","https://www.google.com/maps?q=24.978590,121.539450"
939,國泰世華商業銀行,逢甲分行,台中市西屯區河南路二段363號之5,24.171536,120.644735,24.17982050,120.64653370,"https://www.google.com/maps?q=24.171536,120.644735","https://www.google.com/maps?q=24.17982050,120.64653370"
910,台新國際商業銀行,全家-台中大地,台中市北屯區敦富路157號,24.183740,120.707615,24.191906,120.707020,"https://www.google.com/maps?q=24.183740,120.707615","https://www.google.com/maps?q=24.191906,120.707020"
875,台新國際商業銀行,全家-麥寮新工,雲林縣麥寮鄉仁德西路二段543號,23.772808,120.246675,23.777460,120.239734,"https://www.google.com/maps?q=23.772808,120.246675","https://www.google.com/maps?q=23.777460,120.239734"
858,台新國際商業銀行,全家-大雅有春,台中市大雅區雅潭路268號,24.219318,120.663104,24.221057,120.654857,"https://www.google.com/maps?q=24.219318,120.663104","https://www.google.com/maps?q=24.221057,120.654857"
829,玉山商業銀行,新竹分行,新竹市民族路34號,24.804901,120.972663,24.812326,120.971902,"https://www.google.com/maps?q=24.804901,120.972663","https://www.google.com/maps?q=24.812326,120.971902"
755,台新國際商業銀行,全家-尖石野薑花,新竹縣尖石鄉錦屏村8鄰那羅29之1號,24.680800,121.239008,24.677687,121.245652,"https://www.google.com/maps?q=24.680800,121.239008","https://www.google.com/maps?q=24.677687,121.245652"
749,台新國際商業銀行,行外-楓康后里(非24H),台中市后里區甲后路一段755號,24.309961,120.714939,24.311283,120.707694,"https://www.google.com/maps?q=24.309961,120.714939","https://www.google.com/maps?q=24.311283,120.707694"
643,台新國際商業銀行,全家-台中東豐,台中市北屯區豐樂路21之8號,24.192976,120.690275,24.193539,120.683970,"https://www.google.com/maps?q=24.192976,120.690275","https://www.google.com/maps?q=24.193539,120.683970"
608,兆豐國際商業銀行,台南科學園區分行,台南市新市區南科三路13號1樓,23.098345,120.283171,23.097966199999899,120.2772373,"https://www.google.com/maps?q=23.098345,120.283171","https://www.google.com/maps?q=23.097966199999899,120.2772373"
602,台新國際商業銀行,全家-台中金勇,台中市南屯區忠勇路71之1號,24.145429,120.614680,24.140252,120.612941,"https://www.google.com/maps?q=24.145429,120.614680","https://www.google.com/maps?q=24.140252,120.612941"
600,台新國際商業銀行,全家-民雄埤角,嘉義縣民雄鄉埤角106號,23.525295,120.441183,23.527976,120.446290,"https://www.google.com/maps?q=23.525295,120.441183","https://www.google.com/maps?q=23.527976,120.446290"
578,台新國際商業銀行,全家-太平新興,台中市太平區大興十一街207號,24.153072,120.728701,24.155626,120.733660,"https://www.google.com/maps?q=24.153072,120.728701","https://www.google.com/maps?q=24.155626,120.733660"
575,台新國際商業銀行,全家-永康大武,台南市永康區大武街8號,23.019466,120.222269,23.017969,120.216891,"https://www.google.com/maps?q=23.019466,120.222269","https://www.google.com/maps?q=23.017969,120.216891"
570,台新國際商業銀行,全家-新營國道北,台南市後壁區新厝72號,23.339041,120.312353,23.340905,120.307157,"https://www.google.com/maps?q=23.339041,120.312353","https://www.google.com/maps?q=23.340905,120.307157"
565,台新國際商業銀行,全家-中壢新仁美,桃園市中壢區中山東路三段211之1號,24.942640,121.250060,24.937565,121.249834,"https://www.google.com/maps?q=24.942640,121.250060","https://www.google.com/maps?q=24.937565,121.249834"
560,台新國際商業銀行,全家-台中向上,台中市西區向上路一段36號,24.146882,120.666729,24.143060,120.663129,"https://www.google.com/maps?q=24.146882,120.666729","https://www.google.com/maps?q=24.143060,120.663129"
553,台新國際商業銀行,全家-豐原綠山,台中市豐原區南陽路60號,24.242020,120.732274,24.237385,120.734245,"https://www.google.com/maps?q=24.242020,120.732274","https://www.google.com/maps?q=24.237385,120.734245"
537,台新國際商業銀行,全家-彰化新再安,彰化縣彰化市埔陽街280號,24.066417,120.547113,24.071244,120.547380,"https://www.google.com/maps?q=24.066417,120.547113","https://www.google.com/maps?q=24.071244,120.547380"
532,台新國際商業銀行,行內-副都心分行,新北市新莊區中原路150號,25.054556,121.455117,25.054348,121.449840,"https://www.google.com/maps?q=25.054556,121.455117","https://www.google.com/maps?q=25.054348,121.449840"
520,台新國際商業銀行,全家-淡水新旭,新北市淡水區北新路169巷32號,25.180492,121.449547,25.177702,121.445402,"https://www.google.com/maps?q=25.180492,121.449547","https://www.google.com/maps?q=25.177702,121.445402"
490,兆豐國際商業銀行,圓山分行,台北市中山區中山北路二段133號,25.061577,121.523188,25.0572374999999,121.5240439,"https://www.google.com/maps?q=25.061577,121.523188","https://www.google.com/maps?q=25.0572374999999,121.5240439"
483,台新國際商業銀行,全家-台中敦化,台中市北屯區敦化路370號,24.189050,120.670101,24.186576,120.666193,"https://www.google.com/maps?q=24.189050,120.670101","https://www.google.com/maps?q=24.186576,120.666193"
474,台新國際商業銀行,行外-楓康水里(非24H),南投縣水里鄉中山路一段238號,23.807347,120.853759,23.810371,120.850482,"https://www.google.com/maps?q=23.807347,120.853759","https://www.google.com/maps?q=23.810371,120.850482"
457,永豐商業銀行,松山大樓(曉星),台北市松山區市民大道六段151號1樓,25.049672,121.579655,25.049421,121.575130,"https://www.google.com/maps?q=25.049672,121.579655","https://www.google.com/maps?q=25.049421,121.575130"
444,台新國際商業銀行,全家-竹南龍好,苗栗縣竹南鎮龍山路二段2號,24.695857,120.868677,24.692410,120.866466,"https://www.google.com/maps?q=24.695857,120.868677","https://www.google.com/maps?q=24.692410,120.866466"
432,台新國際商業銀行,全家-橋頭建樹,高雄市橋頭區成功北路65號,22.763332,120.307569,22.766921,120.305954,"https://www.google.com/maps?q=22.763332,120.307569","https://www.google.com/maps?q=22.766921,120.305954"
431,台新國際商業銀行,全家-新店德順,新北市新店區安德街120巷6號,24.960737,121.508906,24.962836,121.512497,"https://www.google.com/maps?q=24.960737,121.508906","https://www.google.com/maps?q=24.962836,121.512497"
414,台新國際商業銀行,全家-新豐埔和,新竹縣新豐鄉埔頂115之2號,24.922716,120.988890,24.926285,120.987714,"https://www.google.com/maps?q=24.922716,120.988890","https://www.google.com/maps?q=24.926285,120.987714"
408,台新國際商業銀行,全家-大雅清泉,台中市大雅區中清路四段921號,24.240993,120.629949,24.238374,120.632765,"https://www.google.com/maps?q=24.240993,120.629949","https://www.google.com/maps?q=24.238374,120.632765"
394,台新國際商業銀行,全家-永康廣興,台南市永康區西勢路205號,23.020586,120.276471,23.020999,120.272644,"https://www.google.com/maps?q=23.020586,120.276471","https://www.google.com/maps?q=23.020999,120.272644"
378,兆豐國際商業銀行,大甲分行,台中市大甲區中山路一段1033號,24.348417,120.627504,24.351724000000001,120.628373999999,"https://www.google.com/maps?q=24.348417,120.627504","https://www.google.com/maps?q=24.351724000000001,120.628373999999"
359,永豐商業銀行,泰山分行,新北市泰山區明志路二段416號1樓,25.044025,121.425003,25.046823,121.426787,"https://www.google.com/maps?q=25.044025,121.425003","https://www.google.com/maps?q=25.046823,121.426787"
356,台新國際商業銀行,全家-新營民興,台南市新營區民治路122號,23.312898,120.309088,23.309712,120.308708,"https://www.google.com/maps?q=23.312898,120.309088","https://www.google.com/maps?q=23.309712,120.308708"
332,台新國際商業銀行,全家-樹林俊英,新北市樹林區俊英街113號,25.009938,121.424760,25.007301,121.426302,"https://www.google.com/maps?q=25.009938,121.424760","https://www.google.com/maps?q=25.007301,121.426302"
309,第一商業銀行,永春分行,台北市信義區忠孝東路五段451號,25.041055,121.576254,25.041120,121.5731869,"https://www.google.com/maps?q=25.041055,121.576254","https://www.google.com/maps?q=25.041120,121.5731869"
288,台新國際商業銀行,全家-深坑埔新,新北市深坑區埔新街93號,25.002247,121.619472,25.003379,121.616900,"https://www.google.com/maps?q=25.002247,121.619472","https://www.google.com/maps?q=25.003379,121.616900"
283,台新國際商業銀行,全家-台中新文山,台中市南屯區嶺東路730號,24.148534,120.611884,24.146057,120.611231,"https://www.google.com/maps?q=24.148534,120.611884","https://www.google.com/maps?q=24.146057,120.611231"
281,台新國際商業銀行,全家-新營國道南,台南市後壁區新厝69號,23.342860,120.308902,23.340905,120.307157,"https://www.google.com/maps?q=23.342860,120.308902","https://www.google.com/maps?q=23.340905,120.307157"
267,台新國際商業銀行,全家-新竹寶山,新竹市寶山路448號,24.784724,120.990491,24.785989,120.988241,"https://www.google.com/maps?q=24.784724,120.990491","https://www.google.com/maps?q=24.785989,120.988241"
260,兆豐國際商業銀行,潭子分行,台中市潭子區南二路3號,24.216994,120.703689,24.218,120.706,"https://www.google.com/maps?q=24.216994,120.703689","https://www.google.com/maps?q=24.218,120.706"
260,永豐商業銀行,興大分行,台中市南區國光路250號,24.119513,120.678884,24.121837,120.679128,"https://www.google.com/maps?q=24.119513,120.678884","https://www.google.com/maps?q=24.121837,120.679128"
256,國泰世華商業銀行,南港分行,台北市南港區三重路66之3號,25.057466,121.614622,25.05711050,121.61211330,"https://www.google.com/maps?q=25.057466,121.614622","https://www.google.com/maps?q=25.05711050,121.61211330"
255,台新國際商業銀行,全家-八德櫻花,桃園市八德區長安街375號,24.949112,121.319306,24.950687,121.317465,"https://www.google.com/maps?q=24.949112,121.319306","https://www.google.com/maps?q=24.950687,121.317465"
249,台新國際商業銀行,全家-龍井麗水,台中市龍井區臨港路一段55號,24.199120,120.511150,24.200578,120.509290,"https://www.google.com/maps?q=24.199120,120.511150","https://www.google.com/maps?q=24.200578,120.509290"
248,台新國際商業銀行,全家-台中福多,台中市北區陜西路63號,24.167970,120.668031,24.170200,120.668144,"https://www.google.com/maps?q=24.167970,120.668031","https://www.google.com/maps?q=24.170200,120.668144"
243,國泰世華商業銀行,東林口分行,新北市林口區文化三路一段335號,25.072581,121.364655,25.07258740,121.36223750,"https://www.google.com/maps?q=25.072581,121.364655","https://www.google.com/maps?q=25.07258740,121.36223750"
243,台新國際商業銀行,全家-梓官蚵仔寮,高雄市梓官區漁港二路13號,22.727146,120.254793,22.725236,120.255947,"https://www.google.com/maps?q=22.727146,120.254793","https://www.google.com/maps?q=22.725236,120.255947"
238,台新國際商業銀行,全家-頭份文化,苗栗縣頭份市文化街209號,24.700469,120.900023,24.702235,120.901358,"https://www.google.com/maps?q=24.700469,120.900023","https://www.google.com/maps?q=24.702235,120.901358"
234,台新國際商業銀行,行外-楓康豐原,台中市豐原區圓環東路441號,24.245701,120.725495,24.247626,120.726416,"https://www.google.com/maps?q=24.245701,120.725495","https://www.google.com/maps?q=24.247626,120.726416"
226,永豐商業銀行,新莊分行,新北市新莊區中正路341號1樓,25.034915,121.447300,25.034878,121.445054,"https://www.google.com/maps?q=25.034915,121.447300","https://www.google.com/maps?q=25.034878,121.445054"
226,台新國際商業銀行,全家-中壢環中,桃園市中壢區環中東路208號,24.963341,121.256519,24.964577,121.258293,"https://www.google.com/maps?q=24.963341,121.256519","https://www.google.com/maps?q=24.964577,121.258293"
225,台新國際商業銀行,行外-楓康安和(非24H),台中市西屯區安和路170號,24.181194,120.625148,24.183189,120.625547,"https://www.google.com/maps?q=24.181194,120.625148","https://www.google.com/maps?q=24.183189,120.625547"
224,台新國際商業銀行,全家-新店永安,新北市新店區安康路二段157號,24.959557,121.510475,24.960854,121.512169,"https://www.google.com/maps?q=24.959557,121.510475","https://www.google.com/maps?q=24.960854,121.512169"
223,台新國際商業銀行,全家-大肚台蔗,台中市大肚區遊園路二段2號,24.168901,120.579269,24.170303,120.580843,"https://www.google.com/maps?q=24.168901,120.579269","https://www.google.com/maps?q=24.170303,120.580843"
219,台新國際商業銀行,全家-新園新東,屏東縣新園鄉新東路1號,22.527214,120.453146,22.529150,120.453525,"https://www.google.com/maps?q=22.527214,120.453146","https://www.google.com/maps?q=22.529150,120.453525"
213,台新國際商業銀行,全家-汐止車站(非24H),新北市汐止區信義路1號2樓,25.068572,121.662001,25.067371,121.660359,"https://www.google.com/maps?q=25.068572,121.662001","https://www.google.com/maps?q=25.067371,121.660359"
211,台新國際商業銀行,全家-太平金幸福,台中市太平區旱溪東路二段365號,24.162602,120.704731,24.160708,120.704888,"https://www.google.com/maps?q=24.162602,120.704731","https://www.google.com/maps?q=24.160708,120.704888"
211,兆豐國際商業銀行,松山機場第一航廈出境大廳,台北市松山區敦化北路340-9號,25.063374,121.549815,25.063676999999899,121.551880999999,"https://www.google.com/maps?q=25.063374,121.549815","https://www.google.com/maps?q=25.063676999999899,121.551880999999"
210,台新國際商業銀行,全家-台中中山壹(非24H),台中市南區建國北路一段110號,24.121753,120.649900,24.122454,120.651824,"https://www.google.com/maps?q=24.121753,120.649900","https://www.google.com/maps?q=24.122454,120.651824"
208,永豐商業銀行,台北分行,台北市中山區建國北路二段9之1號1樓,25.053090,121.537308,25.054960,121.537460,"https://www.google.com/maps?q=25.053090,121.537308","https://www.google.com/maps?q=25.054960,121.537460"
208,台新國際商業銀行,全家-鳳山誠義,高雄市鳳山區誠義路119號,22.608920,120.360350,22.610787,120.360483,"https://www.google.com/maps?q=22.608920,120.360350","https://www.google.com/maps?q=22.610787,120.360483"
